InvoiceNo,StockCode,Description,Quantity,InvoiceDate,UnitPrice,CustomerID,Country
594247,P8153,Laptop,45,2024-11-12,53,33,Kenya
768919,P5094,Backpack,40,2023-11-08,40,68,UAE
868185,P8032,Keyboard,9,2025-08-05,86,50,France
951369,P7853,Laptop,5,2023-05-01,75,21,UAE
593821,P2398,Backpack,2,2024-12-21,82,57,Canada
840464,P7065,Headphones,40,2023-04-15,28,32,Canada
506133,P9013,Keyboard,12,2023-04-03,18,96,UK
178124,P7505,Laptop,45,2025-02-13,98,3,UAE
375553,P3720,Phone Case,43,2023-09-19,38,91,USA
877923,P7088,Monitor,22,2024-07-03,3,31,France
254947,P2744,Jacket,21,2024-06-25,61,12,France
635780,P5264,Keyboard,10,2023-01-14,47,66,Kenya
872773,P5435,Jacket,34,2024-07-01,27,42,Kenya
811441,P3643,T-Shirt,46,2024-01-29,52,12,Canada
966259,P4234,Jacket,27,2023-09-12,41,12,UAE
958739,P6579,Jeans,44,2025-03-11,19,36,USA
864943,P2968,Keyboard,4,2025-06-15,14,5,France
329563,P1397,Keyboard,48,2025-03-09,49,24,Kenya
373461,P2430,Shoes,23,2024-10-20,46,23,UK
814499,P7858,Backpack,18,2025-02-12,78,20,Germany
351216,P4362,Phone Case,1,2023-11-05,57,24,France
110630,P6294,Jacket,9,2025-07-29,27,50,UK
273378,P4434,Headphones,29,2023-11-20,2,59,Germany
377358,P6912,Headphones,33,2024-10-04,47,68,Kenya
308328,P1200,Shoes,48,2024-12-09,43,26,Kenya
506943,P1780,Shoes,37,2025-02-20,57,76,UAE
684703,P9006,Jacket,11,2025-01-05,8,14,Kenya
821411,P2650,T-Shirt,33,2024-12-05,86,77,Kenya
214082,P3947,Backpack,9,2025-05-03,8,53,Canada
874402,P4235,Headphones,42,2024-06-08,26,1,USA
815488,P2891,Phone Case,35,2024-03-28,70,65,Kenya
426660,P2582,Monitor,46,2024-11-05,32,67,Canada
236789,P3353,Jacket,40,2025-06-08,61,73,UAE
218528,P8368,Shoes,35,2025-05-14,56,19,Canada
359571,P3644,Monitor,3,2023-02-26,73,48,USA
566359,P3024,Jacket,8,2025-01-15,2,82,Canada
164425,P4116,Phone Case,31,2024-04-20,93,41,Germany
723742,P3016,Monitor,11,2023-03-30,83,31,USA
662196,P7106,Headphones,23,2023-08-24,84,51,UAE
747661,P7265,Jacket,49,2025-01-01,70,3,USA
523233,P8650,T-Shirt,22,2024-07-16,7,68,UAE
693755,P6270,Jacket,34,2024-01-01,40,85,USA
513731,P2731,T-Shirt,15,2023-08-31,14,17,Kenya
738612,P2103,Backpack,15,2024-08-18,19,83,Kenya
239578,P2740,Monitor,10,2023-10-23,32,81,France
996186,P4870,Jacket,45,2025-01-22,24,20,USA
244677,P1027,Keyboard,46,2025-07-18,21,63,USA
489318,P2145,Monitor,17,2023-04-18,94,71,France
867944,P6729,T-Shirt,37,2025-01-16,59,96,Canada
138873,P2270,T-Shirt,8,2023-06-24,1,27,Kenya
101801,P9315,Jacket,28,2023-01-11,28,5,Germany
486039,P2685,Backpack,20,2025-05-29,25,9,UK
730380,P1358,Laptop,12,2024-01-29,6,75,France
151545,P5788,Jacket,15,2024-12-29,21,91,Kenya
202839,P8297,Headphones,39,2025-04-29,91,52,Canada
679315,P7372,Backpack,45,2023-03-25,83,76,USA
658226,P9505,Jacket,38,2023-03-25,18,69,USA
705548,P7061,Monitor,45,2025-05-21,67,47,Canada
748780,P1519,Headphones,36,2024-08-01,18,22,Kenya
396461,P1605,Phone Case,47,2025-07-11,11,36,Kenya
207800,P2167,Headphones,49,2024-12-23,21,11,USA
438196,P7327,Keyboard,15,2025-06-30,17,65,France
788954,P6946,Phone Case,45,2023-05-30,54,34,USA
298145,P7431,Jacket,34,2023-01-11,20,73,UK
605810,P3076,Shoes,26,2024-07-15,48,43,Germany
481245,P8761,Shoes,18,2024-01-17,92,32,USA
457484,P6320,Headphones,36,2024-02-29,65,36,UAE
383637,P8127,Backpack,31,2023-01-11,40,6,Kenya
790453,P7256,Backpack,38,2023-03-28,42,50,Canada
857209,P4495,Keyboard,20,2025-03-23,53,88,USA
358319,P1630,Laptop,33,2023-05-01,82,75,Kenya
776809,P3836,Laptop,33,2024-10-16,86,78,France
690666,P9515,Backpack,17,2023-02-27,95,3,Germany
133968,P5040,Laptop,4,2025-08-01,19,26,Kenya
302567,P7298,Phone Case,41,2025-04-10,67,43,France
907690,P4469,Laptop,45,2023-03-24,14,21,Germany
370645,P7939,Laptop,23,2025-03-08,40,59,USA
924745,P8419,Keyboard,19,2024-02-08,92,84,UK
898379,P4260,Backpack,21,2024-05-19,98,13,UAE
443435,P6746,Shoes,40,2024-08-23,72,84,Kenya
486179,P8772,Laptop,9,2023-07-23,36,64,UK
429469,P1875,Backpack,32,2024-05-29,75,34,Canada
729070,P5730,Headphones,43,2024-06-25,48,34,Germany
612549,P6320,Jeans,36,2023-11-28,47,49,Germany
981873,P8172,Jeans,2,2024-05-21,37,31,France
116351,P9053,Jacket,25,2024-04-24,76,82,Germany
424986,P6978,Jeans,9,2024-11-16,97,11,UAE
913969,P8094,Headphones,12,2023-02-10,75,7,UAE
900429,P5553,Phone Case,23,2024-01-12,30,8,USA
917404,P3769,Keyboard,31,2025-04-22,43,64,Kenya
880607,P1455,Keyboard,6,2024-11-18,22,79,UAE
757866,P3581,T-Shirt,9,2024-08-13,2,96,Canada
251266,P1583,Backpack,2,2023-01-12,2,19,Germany
794803,P9846,Backpack,23,2024-05-26,38,95,USA
947570,P6734,Phone Case,38,2024-05-30,80,39,Canada
213506,P7349,Phone Case,30,2024-12-14,29,33,France
114196,P9048,Jeans,22,2025-06-01,75,90,UK
926770,P5390,Keyboard,46,2025-04-20,11,98,Canada
585312,P8258,Laptop,22,2023-03-03,99,53,USA
135048,P4037,T-Shirt,16,2023-06-26,9,28,France
149747,P5126,Monitor,25,2023-04-16,51,75,France
249173,P8811,Keyboard,47,2024-10-27,19,64,Kenya
589550,P4513,Headphones,44,2025-07-15,78,55,UK
335519,P8846,Shoes,41,2023-02-16,11,94,UK
706966,P3969,Laptop,43,2024-08-24,21,19,UK
665608,P3831,Keyboard,34,2023-02-10,26,38,Germany
300816,P4535,Jeans,2,2023-06-04,68,6,Kenya
616195,P4541,Shoes,21,2023-12-06,38,91,UAE
559889,P2135,Jacket,24,2023-01-03,45,92,USA
682612,P6713,Keyboard,24,2023-06-01,97,56,Canada
282256,P7837,Shoes,29,2024-08-21,4,58,UK
730515,P8949,Laptop,45,2023-07-03,26,81,Canada
671535,P8033,T-Shirt,16,2024-07-28,52,69,USA
687263,P1855,Backpack,3,2023-01-26,10,14,Kenya
693018,P4718,Keyboard,15,2024-05-15,81,59,UAE
992380,P8589,Monitor,16,2024-10-18,67,72,USA
150818,P1212,Laptop,46,2023-03-24,65,15,Kenya
420037,P5180,Headphones,24,2024-02-20,46,85,Canada
526797,P4015,Keyboard,6,2023-06-06,76,54,Germany
987261,P4920,Jacket,39,2025-01-20,13,22,USA
454735,P5695,Jeans,23,2024-02-27,27,24,Kenya
602556,P2976,Laptop,28,2025-03-27,19,86,USA
479052,P6458,Laptop,39,2023-07-28,14,63,UK
940441,P1407,Backpack,24,2023-07-18,53,21,Germany
535915,P6647,Headphones,3,2025-02-24,56,64,UAE
112099,P8535,T-Shirt,18,2023-10-20,54,25,Canada
550135,P9395,Monitor,22,2024-09-18,35,94,France
167001,P6370,Laptop,15,2023-09-28,86,24,USA
387199,P8399,Phone Case,13,2024-01-13,9,65,UK
309218,P7403,Phone Case,6,2024-11-11,35,45,UAE
476003,P6530,Keyboard,13,2023-02-02,2,35,Canada
590503,P4017,T-Shirt,20,2024-03-22,42,18,Germany
645355,P7204,Keyboard,47,2023-02-03,24,17,Kenya
264519,P7444,Monitor,6,2025-02-02,70,90,UAE
434154,P8393,Monitor,31,2024-06-07,12,3,France
937368,P2086,Keyboard,29,2023-06-05,77,46,Canada
586138,P1407,Monitor,31,2025-01-11,6,61,Kenya
603288,P9780,Keyboard,8,2024-11-30,80,69,UK
984035,P6346,Backpack,31,2024-09-22,58,48,USA
894509,P6200,Monitor,45,2024-09-27,86,69,UAE
762200,P6699,Backpack,3,2024-03-02,55,77,Kenya
371083,P9475,Keyboard,11,2023-01-25,18,100,USA
290580,P2409,Phone Case,3,2024-12-11,4,44,USA
546729,P1876,T-Shirt,21,2025-04-20,88,61,UK
419438,P8769,Shoes,24,2024-10-19,32,97,France
838785,P5622,Laptop,9,2023-02-16,58,76,Canada
264075,P3331,Shoes,29,2023-11-01,13,22,Kenya
667220,P9189,Shoes,13,2023-09-15,92,79,Canada
167068,P9526,Jeans,43,2024-03-27,80,93,Germany
292900,P8136,Headphones,6,2025-06-25,89,34,UK
784917,P1268,Keyboard,23,2024-12-26,71,47,Canada
905041,P2465,Monitor,22,2025-04-14,46,89,USA
345338,P9264,T-Shirt,20,2023-09-05,73,79,USA
776354,P2166,Shoes,37,2024-04-20,8,96,Germany
142081,P3076,Keyboard,10,2025-06-09,7,98,France
696470,P7976,Jacket,21,2023-09-09,80,44,UAE
955487,P3329,Keyboard,4,2023-10-13,81,93,UK
135566,P9872,T-Shirt,5,2024-10-15,83,9,UAE
459377,P6039,Jeans,37,2024-01-27,23,5,France
797983,P2481,Monitor,41,2023-04-25,44,64,UK
305882,P4029,Phone Case,8,2025-04-22,80,37,France
660425,P7836,Laptop,25,2025-06-30,59,59,USA
487825,P2988,Jeans,40,2023-10-29,55,32,Germany
987149,P4882,Phone Case,12,2023-10-09,80,91,Germany
230227,P9501,Jacket,10,2025-03-23,89,75,France
249712,P7811,Monitor,36,2023-08-07,75,8,Germany
861254,P2257,Monitor,33,2025-07-03,84,13,Canada
231589,P9745,Laptop,16,2023-04-09,38,98,Germany
537560,P7448,Laptop,49,2024-12-12,23,47,France
624870,P2923,Monitor,48,2025-06-23,45,35,Canada
213998,P1145,Headphones,21,2025-01-08,87,32,USA
917331,P8263,T-Shirt,32,2025-06-09,39,7,France
250471,P3486,T-Shirt,42,2024-06-13,7,88,Kenya
589867,P5789,Monitor,27,2023-05-14,19,64,Canada
336860,P6489,Shoes,49,2024-08-19,48,51,USA
481608,P6171,Laptop,31,2023-02-05,87,1,UAE
365358,P7998,Jeans,45,2024-06-22,77,77,France
403774,P9869,T-Shirt,48,2023-03-14,87,71,Germany
774954,P6797,Shoes,46,2023-09-26,43,24,UAE
383871,P8116,Monitor,7,2024-01-02,54,3,France
193523,P8284,T-Shirt,8,2025-03-09,38,67,Canada
770409,P1821,Shoes,20,2024-09-26,23,30,France
965468,P8146,Keyboard,22,2025-08-05,81,75,Canada
688124,P2872,Headphones,8,2024-08-28,48,64,Germany
486388,P2816,Headphones,31,2025-06-30,65,40,Kenya
627839,P2178,Monitor,42,2023-04-16,2,87,USA
492748,P6423,Headphones,39,2023-10-31,65,12,USA
839239,P6307,Jeans,23,2023-03-07,35,92,France
541672,P4876,Jacket,7,2024-09-29,95,69,USA
960065,P1027,T-Shirt,29,2023-03-03,19,87,UK
655156,P1823,Monitor,41,2023-04-18,58,3,Canada
693367,P6593,Monitor,18,2024-11-05,1,59,UAE
907382,P2351,Backpack,41,2025-02-14,3,1,UAE
404792,P2577,T-Shirt,27,2024-01-31,98,35,Germany
699653,P2313,Backpack,24,2024-12-03,29,89,Kenya
203581,P4094,Phone Case,39,2023-04-23,33,20,UK
531006,P4180,Monitor,4,2024-02-28,61,48,Kenya
727264,P6859,Jeans,47,2023-03-21,8,9,UK
343289,P5192,Jacket,34,2024-05-11,72,33,France
785572,P7522,Shoes,5,2023-06-03,99,28,Kenya
522508,P5400,Laptop,4,2024-03-02,38,45,Kenya
505642,P6724,Backpack,25,2023-02-09,21,49,UAE
564945,P9109,T-Shirt,7,2024-07-26,39,28,Germany
541695,P6225,Keyboard,11,2023-10-02,83,41,USA
647278,P8596,T-Shirt,1,2023-11-12,81,60,Canada
589224,P8170,Keyboard,45,2024-10-11,30,45,France
622629,P4825,T-Shirt,11,2024-10-18,83,24,UAE
532535,P9882,Backpack,24,2023-01-10,75,63,Germany
169031,P3662,Backpack,37,2024-02-27,5,77,France
616422,P6970,T-Shirt,24,2024-09-20,32,17,UAE
687641,P9401,T-Shirt,35,2024-10-15,36,38,USA
285581,P8996,Backpack,8,2023-03-06,71,34,USA
226740,P3388,Keyboard,34,2025-04-09,69,71,Germany
580211,P8624,T-Shirt,19,2024-12-27,86,65,USA
943244,P5090,Laptop,10,2025-03-10,90,45,Kenya
638960,P6348,Monitor,29,2023-12-11,81,1,Canada
180409,P6663,Shoes,13,2024-10-04,77,23,Kenya
238258,P1515,Jeans,17,2025-07-24,53,100,Germany
653807,P6955,Monitor,9,2025-07-31,81,37,UK
633716,P4186,Keyboard,6,2023-12-28,15,80,UK
458351,P6895,Jeans,29,2024-10-11,72,37,UAE
561399,P4384,Keyboard,15,2024-02-27,40,10,Canada
888599,P7156,Monitor,17,2024-06-15,47,6,France
805120,P2179,Shoes,32,2023-01-08,70,73,UK
409150,P7192,Shoes,15,2024-12-23,15,31,UK
105946,P1411,Headphones,18,2023-06-04,48,58,UAE
668730,P1911,Headphones,26,2023-09-04,9,99,UAE
708728,P5916,Headphones,43,2024-11-14,80,75,Canada
997936,P6524,Phone Case,47,2023-03-10,23,45,Kenya
505921,P1091,Phone Case,14,2025-01-11,62,51,UAE
943717,P4368,Headphones,35,2023-08-20,12,27,UAE
639050,P1770,Headphones,18,2023-11-26,9,74,France
893912,P5491,Keyboard,47,2024-05-08,80,83,France
380028,P8714,Jeans,16,2023-03-14,68,13,France
996973,P6280,Jacket,41,2024-03-02,49,57,UAE
362965,P4055,Monitor,34,2024-10-25,44,60,Canada
686808,P9386,Jeans,29,2023-08-16,90,70,Kenya
715330,P8433,Phone Case,32,2024-01-24,72,36,UK
511214,P4529,Keyboard,39,2024-03-01,51,38,Kenya
219444,P4308,Shoes,9,2023-07-12,35,60,Kenya
371176,P6110,Backpack,29,2024-09-24,81,92,UAE
739280,P9109,Jeans,13,2025-03-19,16,39,France
993472,P6246,T-Shirt,23,2025-04-12,79,16,Canada
318514,P8979,Backpack,15,2024-09-17,18,9,USA
250946,P2659,Backpack,4,2024-01-23,54,45,UK
835077,P3226,Monitor,33,2025-07-27,42,63,UAE
797849,P1273,Monitor,20,2023-01-17,74,21,UAE
795401,P6499,Monitor,4,2025-06-15,26,73,Kenya
968161,P2590,Jacket,34,2024-10-09,47,86,UK
377532,P1605,Backpack,1,2024-06-15,71,30,Canada
980700,P9666,Phone Case,37,2025-01-10,39,29,Kenya
730552,P2687,Laptop,37,2025-08-04,70,30,UAE
414058,P2434,Laptop,39,2024-08-23,90,79,UAE
610057,P7918,Headphones,16,2024-11-19,30,43,Kenya
232088,P9742,T-Shirt,33,2025-05-14,55,62,Germany
350900,P4659,Backpack,14,2025-07-16,80,35,Kenya
790378,P7234,Jeans,28,2025-04-11,95,13,UK
631901,P7831,Laptop,15,2024-02-26,41,75,France
714536,P3453,Jeans,13,2025-06-11,69,51,UAE
776326,P9999,Laptop,4,2025-04-25,97,15,Kenya
868541,P1889,Laptop,6,2024-04-24,29,22,UK
364894,P3701,Laptop,43,2023-01-15,14,46,Canada
256024,P8889,Keyboard,1,2023-08-09,74,56,Germany
557200,P2550,Monitor,47,2025-03-12,81,54,USA
229593,P9122,Phone Case,7,2024-05-01,21,58,UAE
954280,P8279,T-Shirt,2,2024-06-05,96,55,Kenya
791250,P5429,Jacket,34,2024-06-30,35,51,UAE
953955,P5598,Backpack,47,2024-09-19,34,44,Canada
258567,P6233,Phone Case,39,2024-08-16,98,53,USA
896119,P4222,Jacket,34,2025-05-27,30,96,UK
144846,P2057,Backpack,32,2023-04-11,6,26,Kenya
722857,P4769,Headphones,19,2025-04-24,16,16,USA
917677,P4471,Keyboard,28,2024-12-02,69,47,UK
775902,P1624,Monitor,26,2024-09-11,3,7,France
152749,P1833,Keyboard,26,2025-02-03,68,50,UK
197770,P4047,Shoes,47,2023-08-04,23,62,USA
238891,P5025,Jacket,29,2023-09-19,27,56,Germany
509258,P6610,Keyboard,42,2025-01-20,46,53,Kenya
809765,P7387,Phone Case,42,2025-06-20,2,80,UK
100555,P4135,Monitor,39,2023-10-22,86,89,UAE
559037,P9909,Backpack,39,2023-06-26,1,91,Germany
452631,P7717,Shoes,6,2025-08-08,93,52,Canada
112216,P5647,Jeans,1,2025-04-30,57,21,France
420379,P3989,Monitor,25,2023-08-06,46,27,UK
207251,P9973,Monitor,21,2024-10-08,52,93,Canada
106595,P8794,Backpack,12,2023-10-20,42,36,Canada
783092,P9186,Jacket,20,2023-06-29,70,52,Kenya
229615,P6186,Headphones,3,2023-04-05,46,23,Germany
971252,P3394,Headphones,10,2024-09-26,95,100,UAE
599391,P8475,T-Shirt,4,2025-05-17,34,93,USA
606842,P6571,Headphones,43,2023-09-21,58,4,UK
941471,P9868,Jeans,1,2025-06-18,28,22,UAE
948425,P5088,T-Shirt,45,2025-05-17,70,94,UAE
609758,P9858,Jeans,27,2023-05-28,65,71,Germany
494564,P3944,Phone Case,7,2023-10-20,95,58,UAE
140210,P4645,Phone Case,12,2025-01-23,75,37,Canada
975857,P7169,Phone Case,46,2025-04-21,92,9,UAE
809373,P6305,T-Shirt,32,2023-12-25,15,30,USA
338599,P6667,Jeans,28,2025-08-12,96,81,Germany
145145,P1154,Headphones,38,2023-02-21,38,63,USA
556681,P2504,T-Shirt,30,2024-10-29,60,45,UK
110161,P5581,Jacket,48,2023-03-18,27,86,Canada
214038,P7245,Jeans,7,2023-10-12,85,53,France
805161,P2969,Jeans,13,2025-06-26,76,99,USA
178084,P3576,Headphones,28,2025-01-07,9,78,France
706222,P4659,Backpack,11,2024-01-14,83,15,UK
479051,P4155,Jacket,4,2024-04-23,35,53,France
466555,P1920,Keyboard,18,2023-10-04,90,16,Kenya
898696,P1078,Shoes,32,2023-11-30,39,23,Germany
635245,P7134,Backpack,3,2024-10-01,43,2,UAE
651427,P4323,T-Shirt,17,2023-11-10,64,52,UK
921399,P5089,Shoes,40,2025-04-05,64,18,UK
705211,P1967,Monitor,45,2023-12-09,98,76,Kenya
623894,P5998,T-Shirt,16,2023-12-28,77,37,Germany
542105,P7848,Keyboard,11,2025-06-15,13,28,UK
286842,P9842,Jacket,46,2024-08-13,68,98,USA
247526,P3371,Jeans,36,2024-06-20,40,98,Canada
284624,P5914,Jacket,4,2024-02-10,70,23,UK
826303,P8341,Backpack,31,2023-09-17,52,44,Canada
161658,P2752,Laptop,28,2024-09-05,80,92,France
608515,P8858,Phone Case,22,2023-09-27,66,63,UAE
558623,P2585,Jeans,40,2023-04-04,48,33,UK
506447,P7824,Backpack,2,2025-02-03,99,44,UAE
382358,P9442,Headphones,13,2025-07-05,40,84,Kenya
188227,P2929,Laptop,34,2024-11-24,75,100,Canada
427929,P8842,Headphones,40,2025-01-18,80,50,UK
399465,P8157,Jacket,22,2025-05-02,46,81,Germany
903851,P9661,Laptop,1,2024-12-11,92,36,France
435713,P3416,Jacket,26,2023-06-08,39,58,USA
564846,P5071,Headphones,10,2023-11-14,71,16,UAE
997558,P6219,Monitor,12,2025-08-09,13,45,UAE
559285,P2688,Phone Case,8,2023-06-05,31,87,France
782498,P7707,Headphones,5,2023-04-10,4,51,Canada
670174,P5413,Keyboard,2,2025-05-07,30,81,Canada
546206,P7660,Laptop,44,2025-03-27,49,63,Canada
863620,P7989,Headphones,29,2023-04-25,46,27,USA
434173,P9830,Jeans,26,2024-06-18,87,53,Kenya
658151,P1766,Backpack,28,2024-10-28,44,92,Kenya
287920,P3177,Jacket,8,2024-08-25,72,80,UK
996391,P5446,Headphones,2,2023-07-27,17,56,France
771653,P1682,Shoes,35,2024-03-22,76,25,France
503418,P6707,Backpack,21,2024-03-09,2,74,UAE
666769,P7817,T-Shirt,4,2023-05-15,33,4,France
854268,P3185,Keyboard,28,2023-08-29,18,23,Canada
437178,P8062,Phone Case,12,2025-06-22,95,41,Canada
531168,P7784,Backpack,16,2024-05-31,30,38,Kenya
261352,P3473,Backpack,10,2023-08-02,6,5,USA
140788,P5090,T-Shirt,40,2024-12-12,70,59,UK
889080,P3730,Phone Case,12,2024-04-11,40,18,Kenya
504278,P1850,Laptop,17,2024-05-11,63,65,Kenya
316929,P1017,Jeans,23,2024-07-27,84,89,Canada
457002,P9006,Headphones,13,2024-11-16,26,25,Kenya
532979,P1722,Shoes,9,2024-09-24,86,44,UAE
185224,P4963,Laptop,44,2024-04-20,14,22,Germany
189142,P4321,Laptop,2,2025-05-10,97,22,Germany
376138,P3134,Laptop,36,2024-01-05,35,52,Germany
637827,P7700,Monitor,1,2023-01-13,57,17,UAE
974429,P7483,Laptop,48,2025-01-01,22,12,UAE
622216,P9496,Jeans,2,2023-06-03,61,18,UK
735373,P5743,Jacket,31,2025-03-31,69,80,Germany
883259,P6495,Phone Case,47,2024-08-03,11,71,Canada
283681,P5925,Laptop,45,2025-07-03,64,67,USA
491681,P9055,Jeans,18,2024-11-20,98,26,USA
981707,P4398,Jeans,9,2024-11-10,76,41,Canada
783936,P9183,Shoes,10,2023-12-21,8,3,UAE
718455,P8013,Phone Case,46,2024-05-26,51,59,UAE
865188,P7638,Jacket,34,2023-05-25,13,78,UK
673287,P8664,Jeans,21,2023-05-22,24,43,UAE
294878,P6759,Shoes,10,2023-02-15,73,51,USA
227105,P3624,Phone Case,20,2025-02-21,4,30,Canada
351293,P1572,T-Shirt,7,2025-03-31,86,10,UK
308275,P7816,Shoes,26,2024-04-03,57,19,Kenya
695422,P2365,Monitor,31,2024-12-11,87,19,UK
283887,P8695,Jeans,47,2024-08-11,54,83,France
961401,P9878,Keyboard,8,2025-07-03,59,96,UK
470799,P7843,Monitor,23,2025-01-20,16,29,France
945053,P7245,Shoes,19,2024-01-21,9,53,France
107399,P6501,Jacket,46,2024-12-01,30,62,France
159691,P2181,Phone Case,31,2025-04-01,33,19,UAE
968646,P2408,Backpack,8,2023-05-03,84,18,UAE
451142,P8935,Phone Case,14,2023-06-13,50,38,UK
939896,P6712,Jeans,29,2023-04-03,18,67,France
570093,P8878,Backpack,29,2024-04-17,33,62,UK
297162,P2699,Keyboard,4,2025-08-11,18,10,Kenya
612146,P8761,Jacket,32,2025-04-16,93,9,Canada
123186,P2593,Phone Case,41,2023-10-07,75,53,UAE
430322,P8444,T-Shirt,19,2024-02-22,32,1,Canada
325911,P6698,Monitor,10,2024-07-26,21,79,France
103915,P9973,Shoes,21,2023-06-21,57,80,Kenya
822121,P9124,Monitor,41,2025-03-26,32,30,Canada
730934,P1245,Laptop,12,2024-04-10,99,65,UK
373718,P9510,Laptop,24,2024-04-19,85,76,USA
635649,P3959,Headphones,43,2024-12-05,79,47,UK
442416,P5041,Laptop,41,2024-04-04,79,50,Canada
561222,P7753,Monitor,23,2024-01-06,8,34,UAE
425741,P8239,Backpack,41,2023-04-21,12,92,USA
592303,P9932,Phone Case,48,2024-03-30,84,91,UK
481974,P4121,Jeans,19,2025-05-26,20,12,Kenya
955245,P8708,Laptop,4,2024-05-03,9,66,USA
434821,P1852,Backpack,47,2025-06-29,62,17,USA
504581,P8278,Keyboard,21,2025-06-10,98,2,Canada
826179,P6639,Shoes,6,2023-02-22,11,99,Germany
452191,P4142,Monitor,36,2023-04-23,48,65,UAE
853919,P1096,Shoes,44,2025-01-10,47,44,Germany
723639,P8736,Shoes,38,2024-08-07,16,59,UK
149547,P7860,Monitor,42,2025-01-04,83,14,UK
901006,P1305,Monitor,28,2023-10-03,57,17,USA
662050,P4893,Backpack,16,2025-06-16,12,64,UAE
777513,P5606,Jacket,40,2025-01-09,27,76,Canada
479205,P7024,T-Shirt,33,2025-04-20,61,4,Canada
539525,P7840,Backpack,25,2024-03-20,11,52,Kenya
901245,P7933,Jeans,17,2024-04-07,63,34,Germany
894839,P2516,Backpack,3,2023-03-26,49,81,USA
605426,P9536,Monitor,23,2023-04-28,33,72,UK
285726,P2154,Shoes,37,2024-10-27,83,78,Kenya
324342,P1907,Headphones,32,2024-12-25,66,46,USA
112347,P7791,Backpack,16,2024-05-22,40,49,USA
882796,P7330,Keyboard,28,2025-03-16,8,10,Kenya
609787,P8818,Keyboard,40,2025-07-27,10,46,USA
292773,P7964,Laptop,20,2025-07-23,40,72,Kenya
594313,P9582,Jeans,3,2025-01-29,74,100,Germany
253916,P9033,Phone Case,9,2025-02-09,34,29,UAE
863793,P3820,T-Shirt,28,2025-03-01,54,5,Canada
968020,P5054,Headphones,40,2025-07-26,30,24,UAE
724168,P6008,Laptop,37,2024-02-27,47,78,USA
112629,P8621,Jacket,9,2023-05-20,8,50,UK
517477,P5051,Headphones,23,2025-04-04,83,93,Canada
933281,P1742,Backpack,6,2023-10-27,71,90,USA
164415,P2692,T-Shirt,4,2023-02-08,44,34,USA
878476,P5655,Headphones,20,2025-06-26,27,54,UK
232245,P7333,Jacket,23,2023-05-01,53,3,UAE
637715,P4204,Monitor,28,2025-01-17,73,54,France
928120,P2907,Monitor,48,2023-07-23,13,59,UK
567935,P8520,Headphones,11,2024-05-22,81,44,Germany
961766,P9370,T-Shirt,29,2023-09-07,2,75,France
373363,P1277,Backpack,42,2023-08-20,85,18,UAE
546922,P6614,Keyboard,28,2024-09-19,80,83,Canada
501886,P2952,Monitor,12,2024-03-29,41,17,Canada
986516,P8731,Shoes,8,2023-09-02,64,60,France
388977,P1324,Headphones,7,2025-07-16,85,59,USA
948349,P9079,Laptop,3,2024-10-06,89,45,Germany
847453,P2653,Backpack,22,2025-05-05,28,54,France
885722,P6505,Jeans,41,2023-07-11,10,42,USA
637031,P7638,Backpack,18,2023-07-16,13,71,UK
726673,P8718,Headphones,22,2025-04-25,17,65,France
991550,P1797,Shoes,10,2025-02-07,60,22,Kenya
472489,P3538,Headphones,34,2025-06-22,75,85,Canada
827655,P7414,Headphones,2,2023-05-29,87,30,France
639839,P4704,Backpack,45,2024-10-02,12,97,UK
803620,P7455,Backpack,44,2024-09-23,79,46,UAE
456265,P9593,Headphones,26,2025-02-12,26,31,USA
639806,P8192,Jeans,31,2024-05-20,95,38,Germany
536358,P5964,T-Shirt,2,2025-07-14,32,4,UK
949114,P2567,Jeans,10,2023-02-26,65,65,UK
857649,P6359,Shoes,11,2025-05-06,1,19,Germany
338558,P7938,Jacket,40,2024-06-27,44,87,Germany
324623,P4959,Monitor,35,2025-06-12,24,63,France
299968,P4997,Backpack,26,2024-12-24,65,19,USA
509644,P1502,Jacket,31,2025-06-04,1,8,UK
794547,P9154,Backpack,13,2023-09-22,35,39,Germany
127859,P8286,Keyboard,33,2023-07-27,67,6,UK
628929,P1479,Jeans,35,2023-06-27,76,90,France
514873,P8205,Jacket,4,2024-01-16,3,43,UK
947726,P8911,Headphones,13,2023-11-16,40,1,France
730385,P9919,Headphones,27,2023-10-18,39,25,UAE
485642,P8197,T-Shirt,4,2024-01-22,67,7,USA
338722,P5634,Keyboard,10,2023-10-24,10,18,UAE
737899,P8737,Headphones,5,2025-04-09,62,97,Canada
773505,P1855,Jeans,43,2024-05-22,31,2,UK
376113,P5344,Monitor,1,2023-06-07,52,32,UAE
436981,P9759,T-Shirt,3,2023-09-17,34,10,Kenya
968662,P4762,Laptop,30,2023-04-20,88,48,UK
725920,P4765,Backpack,5,2023-10-28,24,43,UAE
502873,P4435,Shoes,17,2024-08-08,32,55,UAE
697914,P5172,Jacket,23,2024-10-01,76,59,USA
369712,P5600,Headphones,10,2023-06-27,12,86,UK
817278,P9579,Laptop,39,2023-10-12,67,98,Germany
574594,P7366,Shoes,43,2024-01-17,62,99,Germany
160879,P7873,Phone Case,35,2024-08-30,96,61,Canada
299608,P7864,Shoes,29,2024-03-28,77,78,USA
326850,P1358,Keyboard,12,2023-03-04,44,8,UK
244223,P5131,Keyboard,45,2025-03-26,6,40,France
646791,P4674,Shoes,26,2024-05-18,82,65,UAE
526177,P9713,Phone Case,2,2025-08-03,17,44,UAE
800885,P3890,Laptop,8,2023-04-13,6,76,UAE
605936,P8479,Shoes,33,2025-05-28,17,61,USA
450017,P6357,Shoes,8,2025-07-12,79,46,Germany
384414,P1786,Keyboard,28,2024-01-15,47,61,UAE
596880,P2516,Jacket,45,2024-01-29,38,36,USA
824305,P5725,Jacket,25,2025-06-16,57,69,UK
158145,P1624,Headphones,21,2023-01-11,12,71,UK
639632,P1523,Jacket,43,2025-02-11,49,13,Canada
879468,P1680,Shoes,45,2025-05-13,65,5,UAE
302529,P2136,Shoes,8,2023-03-01,62,43,UAE
387578,P7382,Laptop,15,2023-02-04,20,30,Canada
719932,P5378,Keyboard,25,2024-08-18,52,80,UAE
518328,P6454,Headphones,12,2024-10-05,11,54,Kenya
325414,P7549,Phone Case,1,2023-09-16,12,48,France
377807,P2318,T-Shirt,29,2025-05-02,79,33,Germany
433252,P5581,Shoes,9,2023-05-23,63,68,Kenya
691839,P2743,T-Shirt,42,2023-06-04,19,32,UAE
101784,P9373,Phone Case,33,2024-09-20,30,2,Canada
218573,P7637,Jacket,11,2025-01-03,71,13,Kenya
848763,P2007,Shoes,8,2024-07-02,56,76,UK
228496,P2275,Jacket,42,2023-02-16,81,32,UAE
130280,P1215,Phone Case,13,2024-02-27,43,89,Germany
640125,P7765,Jeans,28,2024-07-27,6,66,Canada
318321,P9174,Jeans,16,2023-10-17,35,98,UK
768931,P9212,Jacket,46,2024-05-21,98,77,USA
503314,P6762,Laptop,40,2025-05-05,7,44,France
616825,P2675,Laptop,49,2025-01-01,78,10,UK
785915,P7225,T-Shirt,26,2025-05-11,16,12,UK
937813,P3302,Jeans,11,2023-07-26,68,94,USA
640470,P3659,Headphones,20,2023-08-03,53,83,Kenya
979379,P1589,Jeans,19,2023-04-03,98,77,Kenya
390256,P9617,Phone Case,29,2023-04-26,93,53,UAE
273509,P1437,Monitor,29,2025-05-18,37,23,Germany
970404,P1287,Shoes,28,2025-04-23,45,16,USA
220473,P2342,Jeans,43,2025-07-06,73,40,Germany
747448,P3835,Jacket,43,2023-12-06,74,22,Kenya
241639,P8807,Monitor,39,2024-02-07,77,19,USA
625448,P3345,Phone Case,15,2023-08-17,56,83,Kenya
379987,P8850,Jeans,34,2023-11-23,4,68,USA
857170,P5205,Keyboard,46,2025-06-28,37,58,Germany
487892,P1778,Keyboard,44,2023-10-10,63,83,Canada
820791,P2557,Phone Case,14,2024-06-24,10,11,Germany
219801,P6217,Jeans,38,2024-01-27,20,52,Germany
469090,P7455,Keyboard,34,2024-08-21,29,51,France
401611,P4795,Backpack,7,2024-11-25,28,24,France
281348,P6191,Phone Case,37,2024-04-12,62,55,USA
244031,P5033,Keyboard,6,2023-07-21,80,14,France
624353,P2851,Backpack,1,2025-02-12,16,69,USA
894861,P1477,T-Shirt,2,2023-11-01,96,86,UK
397982,P9220,Laptop,29,2024-02-18,8,94,Germany
981844,P1435,Headphones,39,2023-03-25,12,74,Canada
420923,P8774,Headphones,27,2024-03-22,84,61,Kenya
551995,P3999,Shoes,31,2025-08-12,46,95,USA
738567,P4715,Jacket,19,2023-04-21,35,55,UK
645411,P2988,Jacket,4,2024-07-29,26,74,Canada
143007,P7564,T-Shirt,20,2023-12-19,62,75,France
889400,P1317,T-Shirt,9,2023-02-18,73,40,Kenya
948004,P7631,T-Shirt,46,2024-06-21,15,65,USA
366528,P9908,Jeans,45,2023-09-25,22,42,Canada
592011,P2213,Shoes,12,2024-02-13,59,23,Germany
724933,P8439,Phone Case,45,2024-05-20,12,16,Canada
425406,P9387,Phone Case,16,2024-01-31,45,83,France
791269,P8908,Jeans,49,2024-12-16,68,33,USA
690841,P9440,T-Shirt,25,2025-06-07,68,79,USA
760341,P5117,Jeans,49,2024-04-01,77,48,USA
883234,P8730,Shoes,9,2024-10-04,45,13,UK
436876,P5742,Backpack,41,2024-08-31,59,48,Kenya
322944,P1702,Jeans,28,2024-11-03,48,89,France
273582,P1570,Monitor,10,2024-09-26,30,34,UK
682856,P5775,Jeans,46,2025-02-10,35,9,Kenya
415462,P8976,Phone Case,37,2023-11-17,81,33,Germany
706114,P1966,Backpack,35,2025-01-18,2,73,France
802308,P8186,Keyboard,49,2023-04-01,25,64,UK
983771,P2481,Backpack,21,2024-09-28,46,55,Canada
933131,P4042,T-Shirt,17,2023-07-24,73,42,Germany
639081,P5460,Laptop,10,2024-11-24,37,31,UAE
822340,P8229,Monitor,16,2023-12-31,99,98,Canada
644401,P6551,Shoes,4,2024-02-12,56,23,UAE
561635,P8107,Backpack,8,2025-05-12,71,27,USA
606956,P5297,Monitor,37,2023-03-23,5,12,Kenya
789038,P4734,Keyboard,32,2024-08-15,98,43,France
695702,P4095,Laptop,4,2024-11-25,78,21,UK
854298,P5377,Jacket,39,2024-09-29,3,83,USA
441983,P8818,T-Shirt,11,2023-02-24,24,6,Canada
908704,P5386,Laptop,22,2023-04-24,50,95,UAE
538742,P3577,Shoes,24,2024-12-01,81,8,Germany
780389,P7785,Headphones,49,2023-12-22,42,45,Kenya
713552,P8894,Backpack,11,2025-03-23,36,96,USA
257525,P8818,Phone Case,30,2024-08-29,27,42,Germany
776928,P8626,Headphones,25,2023-12-11,99,66,UAE
333420,P9172,Laptop,8,2025-06-16,31,22,France
175692,P5551,Monitor,23,2025-07-30,23,22,UAE
763313,P2364,Shoes,4,2025-05-08,8,21,Canada
397042,P7659,Headphones,47,2025-04-12,80,72,Germany
123943,P5324,Phone Case,21,2025-05-15,41,4,Kenya
472008,P5888,Jacket,1,2023-05-11,89,65,UK
107137,P6785,Headphones,17,2024-08-26,7,14,Germany
863814,P9131,Monitor,18,2025-04-07,88,10,Germany
299878,P5425,Laptop,26,2024-09-20,84,9,Germany
772711,P8527,Monitor,12,2025-04-18,20,62,Kenya
229484,P8626,Jeans,32,2023-06-22,65,53,Canada
150980,P9534,Shoes,40,2023-05-02,45,40,Germany
891052,P7746,Headphones,34,2024-06-25,95,66,Germany
657275,P3947,T-Shirt,13,2024-09-01,18,71,Canada
489437,P9397,Laptop,37,2024-08-21,11,21,France
407571,P4619,Headphones,6,2025-04-20,80,19,Germany
529821,P8010,Phone Case,37,2023-07-12,89,24,Canada
529181,P5986,Monitor,11,2024-04-25,38,4,USA
462277,P4596,Backpack,25,2024-07-20,2,77,USA
257686,P4026,Headphones,26,2024-09-14,66,33,UAE
686280,P5557,Monitor,17,2025-04-06,50,87,UAE
562993,P4875,Laptop,23,2024-09-29,85,8,UAE
933610,P2400,Laptop,38,2024-11-19,53,37,Germany
371173,P4393,Shoes,32,2023-05-17,65,10,Canada
200546,P8947,Jacket,47,2025-07-04,60,61,USA
390158,P7730,Jacket,41,2024-10-25,87,3,UK
823557,P7809,Monitor,29,2023-08-05,74,16,Germany
412698,P1060,Shoes,9,2024-02-12,82,63,France
228571,P6224,Monitor,27,2024-11-30,14,74,USA
688158,P9044,Monitor,7,2024-06-14,92,73,France
870040,P1720,T-Shirt,32,2023-10-30,54,100,France
549116,P9450,Jeans,20,2025-07-30,34,91,France
827106,P1160,Monitor,12,2024-10-07,44,28,Canada
802413,P4151,Jacket,1,2023-06-29,49,50,UAE
214267,P6143,Laptop,1,2024-12-28,42,24,France
643435,P1964,Backpack,34,2024-07-18,78,26,UK
234873,P4203,Jeans,8,2024-08-14,42,65,UK
835843,P7160,T-Shirt,10,2023-12-23,50,2,UAE
353300,P7373,Laptop,43,2024-09-23,12,71,France
587010,P7293,Headphones,25,2023-01-15,54,81,UK
889803,P6804,Jacket,20,2025-05-01,66,75,Canada
977156,P5020,Jeans,6,2024-04-17,26,80,UAE
859336,P3207,Backpack,33,2025-03-17,29,84,Germany
392185,P4883,Laptop,19,2023-02-26,61,71,Canada
908779,P6157,Laptop,14,2023-04-25,89,77,UAE
773999,P1829,Shoes,6,2025-01-18,98,36,Kenya
314094,P9684,Jacket,20,2024-05-07,36,47,UAE
783335,P5970,Laptop,32,2024-03-25,91,79,Germany
929176,P7062,Monitor,36,2024-02-05,87,24,France
180194,P9820,Backpack,3,2025-06-14,17,72,Canada
966247,P3663,Jacket,31,2023-09-30,38,97,Germany
246407,P2668,Backpack,4,2024-12-09,70,58,Kenya
165657,P1460,Jeans,35,2025-07-19,26,32,Canada
140114,P8901,T-Shirt,34,2025-03-20,50,92,Canada
812921,P3548,T-Shirt,15,2025-03-20,22,87,Kenya
349311,P8853,Jacket,37,2023-08-13,50,81,Canada
804612,P4684,Jacket,22,2023-04-15,43,96,France
842300,P2863,Backpack,40,2023-12-31,85,94,France
634771,P7850,Shoes,45,2025-05-06,18,9,France
208679,P6301,Backpack,49,2024-05-17,1,92,Germany
919597,P3437,Phone Case,3,2024-07-29,49,6,UAE
919639,P6932,Headphones,13,2025-02-28,50,98,UAE
378441,P4213,T-Shirt,12,2023-05-26,13,79,Kenya
898388,P2307,T-Shirt,29,2023-01-05,3,63,Kenya
848496,P7013,Keyboard,7,2024-04-29,17,56,UAE
989285,P4588,Backpack,32,2025-02-22,83,9,USA
556834,P1250,Backpack,6,2023-03-13,13,86,UK
941824,P4346,Laptop,36,2023-09-24,22,64,Kenya
771076,P5734,Headphones,7,2024-05-29,5,43,Kenya
984769,P7911,Phone Case,16,2023-04-17,34,37,UAE
433007,P4195,Monitor,9,2023-02-10,40,86,Germany
218465,P5305,Jacket,6,2025-02-16,84,66,USA
584994,P1731,Monitor,22,2023-05-04,87,60,France
694814,P8310,Monitor,27,2025-06-28,64,16,USA
957021,P4287,Shoes,23,2024-12-07,76,36,USA
556771,P4925,T-Shirt,26,2023-12-21,17,12,Germany
590198,P3479,Phone Case,17,2024-10-30,54,3,France
967304,P2481,Jeans,34,2023-04-30,57,20,UAE
443154,P3397,T-Shirt,36,2024-02-22,86,18,USA
205463,P2237,Laptop,20,2023-05-23,3,73,UAE
465556,P7436,T-Shirt,40,2023-01-13,41,23,France
255893,P8468,T-Shirt,16,2023-08-27,58,76,Kenya
304554,P6906,Headphones,21,2023-10-26,54,35,USA
950292,P3050,T-Shirt,32,2024-04-15,39,15,UK
326716,P8339,Headphones,15,2023-08-22,2,4,UK
156265,P9733,Keyboard,42,2024-05-07,99,7,UK
307665,P9978,Jeans,48,2023-09-18,9,84,Canada
644511,P8282,Monitor,27,2023-06-06,4,50,Canada
131105,P9486,Phone Case,11,2023-03-07,33,6,USA
489891,P3451,Jeans,39,2023-02-24,5,62,UK
804409,P8083,Monitor,42,2023-12-18,9,31,France
921912,P3316,Laptop,30,2023-12-18,5,23,UAE
675266,P8257,Headphones,8,2024-12-30,14,43,UAE
435376,P9894,Monitor,4,2023-11-21,32,79,UAE
587925,P9953,Keyboard,26,2024-06-27,60,60,UK
143606,P7057,Shoes,41,2025-07-05,4,48,Germany
491028,P5069,Jeans,41,2024-03-02,61,29,Germany
122469,P1236,Jeans,19,2024-02-18,82,18,Canada
375342,P2082,Jeans,30,2023-08-30,60,52,Kenya
219006,P4878,Phone Case,12,2024-07-09,46,16,UAE
854991,P5630,Shoes,27,2024-03-06,4,100,Germany
786401,P6593,Monitor,31,2024-12-21,43,88,France
491116,P3938,Keyboard,19,2024-05-09,26,90,Canada
154138,P1813,T-Shirt,36,2023-07-27,3,12,Kenya
357722,P8975,Monitor,28,2024-08-22,61,84,UAE
140703,P5057,Shoes,37,2023-11-23,52,31,UAE
851990,P5609,Jacket,2,2023-04-08,34,83,USA
208345,P9197,Monitor,31,2025-08-02,61,15,Kenya
593165,P7257,Backpack,27,2025-02-21,28,12,Germany
365961,P8163,Jacket,23,2023-04-16,23,48,Kenya
863419,P6624,Headphones,37,2024-01-16,83,100,UAE
749756,P3368,Laptop,6,2025-08-05,34,29,UAE
157106,P2653,Jacket,1,2024-10-25,57,46,USA
533044,P7644,Keyboard,9,2024-02-13,54,78,Germany
141281,P5133,Backpack,8,2023-09-22,34,62,Germany
137729,P1269,Backpack,32,2024-12-29,27,15,Kenya
804421,P9719,Monitor,14,2024-10-16,23,95,Kenya
703190,P2850,Backpack,25,2024-08-04,24,63,UK
910849,P5958,T-Shirt,8,2024-02-17,76,96,UK
706146,P7371,Keyboard,9,2025-05-18,55,1,Germany
577176,P5653,Phone Case,35,2023-11-13,68,79,UAE
584149,P5376,Laptop,11,2023-06-29,69,73,UAE
345918,P3017,Laptop,49,2024-05-01,24,38,UK
368172,P4763,Keyboard,25,2025-07-19,81,30,USA
609181,P4332,Headphones,33,2023-11-06,85,11,UAE
430515,P6537,Phone Case,17,2024-03-19,53,52,France
285190,P3839,Keyboard,7,2024-12-23,95,85,Germany
446958,P4725,Headphones,21,2023-03-08,83,41,UAE
823681,P3442,Jeans,15,2025-01-25,51,95,Kenya
981443,P8220,Monitor,30,2023-08-15,65,51,Canada
160795,P7290,Shoes,29,2023-05-27,38,33,Canada
777774,P3325,T-Shirt,31,2025-08-12,65,38,Canada
397002,P1125,T-Shirt,43,2024-09-20,14,36,USA
890719,P9314,Jacket,22,2023-06-15,57,73,UAE
269997,P4188,Laptop,7,2025-02-10,95,71,Canada
175432,P7960,Keyboard,24,2025-05-03,9,43,UK
545363,P8001,Jeans,3,2023-10-10,57,29,UAE
648084,P6948,Laptop,12,2024-10-20,86,31,Canada
380246,P8598,Headphones,16,2023-09-25,50,17,Germany
942525,P1714,Shoes,17,2023-09-13,31,48,Germany
947632,P8553,Phone Case,33,2024-01-28,36,38,Kenya
617925,P6766,Jeans,9,2025-02-11,46,100,Kenya
166763,P4056,Monitor,16,2024-03-01,91,41,UK
336426,P3819,Shoes,7,2025-05-11,79,4,UAE
264025,P8899,Keyboard,25,2024-08-05,2,36,Germany
539282,P3033,Phone Case,2,2024-06-25,8,81,Kenya
611243,P8105,T-Shirt,48,2025-04-08,55,45,UAE
840451,P7914,Headphones,41,2023-08-10,88,91,Germany
358633,P9639,Backpack,16,2025-03-26,50,2,France
772117,P8173,Jacket,22,2025-07-17,53,73,Canada
348130,P7158,Keyboard,24,2023-01-20,88,14,UK
231992,P2692,Headphones,7,2023-10-08,49,58,Canada
260974,P8984,Laptop,40,2023-12-17,4,61,Kenya
417713,P1540,Headphones,23,2023-03-14,62,69,Germany
532552,P1940,Backpack,48,2024-12-25,46,10,USA
109082,P2210,Keyboard,36,2025-04-25,71,60,France
170156,P5221,Jacket,23,2024-06-14,70,99,USA
822291,P4696,Jacket,32,2024-02-04,11,3,Kenya
740162,P8195,Phone Case,18,2024-10-09,82,32,USA
766731,P4710,T-Shirt,26,2023-01-07,18,83,USA
545352,P9118,Headphones,19,2025-01-02,57,27,UAE
856890,P8487,T-Shirt,22,2025-08-07,15,4,Canada
200155,P7934,Monitor,7,2023-05-20,68,66,Canada
637347,P1954,Jeans,3,2023-01-13,95,7,UK
758652,P2020,Shoes,34,2023-06-12,79,27,Kenya
601032,P4551,Jacket,7,2025-08-02,39,58,Kenya
470302,P3725,Headphones,11,2023-07-29,23,31,France
263758,P8210,Phone Case,19,2023-06-09,62,70,Canada
551699,P3314,Keyboard,43,2023-09-20,31,67,Germany
308135,P6049,Headphones,44,2024-04-17,10,94,France
967357,P2918,Keyboard,44,2025-06-12,15,69,USA
471268,P6651,Phone Case,42,2024-09-19,72,8,Germany
699144,P4082,Keyboard,30,2024-10-31,68,99,USA
685189,P3716,Phone Case,22,2024-09-22,21,12,Germany
990333,P3561,Phone Case,23,2023-01-30,88,89,Kenya
887411,P8614,Laptop,26,2025-02-19,44,79,UK
971389,P2396,Monitor,9,2024-07-15,32,63,Germany
689564,P6544,Backpack,19,2025-06-06,20,65,USA
597780,P5241,Monitor,16,2024-03-03,5,9,UAE
344564,P2973,Monitor,16,2024-03-16,5,74,France
764421,P7267,Keyboard,42,2023-12-23,88,88,Kenya
272216,P6241,T-Shirt,4,2023-10-28,6,5,France
126768,P4563,Jacket,32,2025-03-05,63,37,Kenya
247854,P4918,Phone Case,31,2023-04-19,75,99,France
566985,P8703,Jeans,12,2023-07-21,76,37,USA
756798,P5419,Keyboard,19,2023-10-20,35,56,Kenya
790922,P5988,Phone Case,15,2023-12-29,56,6,France
235770,P9026,Monitor,15,2024-04-23,99,20,Germany
958989,P3631,Headphones,19,2024-08-20,12,68,Kenya
706933,P1604,T-Shirt,8,2024-11-28,19,15,Canada
250148,P7406,Backpack,7,2024-03-06,30,97,Kenya
781625,P3355,Monitor,16,2023-03-01,87,87,USA
416617,P8564,Shoes,33,2024-06-14,33,98,France
202147,P2933,T-Shirt,44,2025-04-15,42,46,Kenya
684738,P5358,Monitor,10,2024-05-19,66,55,Germany
139354,P3153,Phone Case,43,2024-09-21,94,66,Canada
324929,P9168,Shoes,8,2023-12-08,24,59,Canada
537401,P8220,Monitor,25,2024-08-06,34,7,USA
446697,P4832,Phone Case,9,2023-03-28,80,33,France
565061,P2249,Jacket,40,2025-02-20,42,59,Germany
923929,P8303,T-Shirt,42,2023-04-01,38,8,UK
613447,P2842,Phone Case,40,2023-06-08,94,2,Germany
911187,P9649,Keyboard,47,2023-12-18,11,88,Canada
674302,P5791,Shoes,13,2024-11-20,60,83,UK
544377,P4281,Jeans,44,2023-12-22,95,46,Kenya
196171,P3604,Jacket,23,2024-05-21,75,95,UK
401580,P9508,Jeans,24,2025-05-29,73,97,USA
413251,P1218,Jeans,8,2025-01-22,70,18,USA
210714,P3825,Shoes,46,2024-11-01,56,68,Kenya
498001,P7336,Keyboard,49,2023-05-08,99,17,Kenya
769174,P3305,Shoes,27,2025-01-02,6,23,Canada
892417,P5596,Jeans,27,2025-04-22,99,92,Germany
862456,P7176,Keyboard,35,2023-11-02,74,17,UK
918311,P8865,Backpack,3,2023-11-20,72,12,UK
252950,P9262,Phone Case,43,2024-03-28,83,36,USA
324835,P6889,Jacket,46,2023-04-29,78,50,UAE
259665,P1326,Jeans,32,2024-12-13,72,50,France
671967,P8134,Laptop,27,2024-11-06,83,77,Kenya
502411,P6140,Jacket,25,2025-03-09,85,35,UK
682921,P5629,Laptop,2,2025-04-08,10,52,UK
469648,P6297,Phone Case,4,2025-04-12,74,8,France
110904,P6006,Phone Case,14,2024-09-03,11,42,UAE
868698,P9303,Jeans,27,2023-10-23,12,35,France
840452,P5148,Phone Case,28,2023-05-09,57,61,USA
898092,P6784,T-Shirt,46,2024-10-18,21,89,UAE
874901,P6066,Laptop,7,2024-03-07,42,35,France
613528,P2850,Laptop,35,2024-11-09,65,77,USA
250947,P9102,Phone Case,22,2024-02-28,15,50,USA
941731,P7928,Jeans,42,2025-01-07,23,59,Germany
965558,P3386,Backpack,42,2024-07-11,32,58,UAE
786288,P8528,Phone Case,21,2024-10-24,11,96,Germany
723268,P5139,Jacket,16,2023-07-28,85,39,Germany
221971,P6905,Laptop,43,2023-11-25,26,62,Canada
334936,P3776,Backpack,47,2024-09-06,58,93,UAE
877280,P4512,Monitor,14,2024-06-11,80,78,Kenya
247464,P2070,Backpack,30,2025-02-09,54,37,UK
133504,P4440,Headphones,21,2023-04-17,25,26,USA
959599,P3474,Headphones,20,2024-08-24,78,34,Canada
450455,P6661,Jacket,32,2023-12-06,31,39,France
616530,P3350,Laptop,33,2024-03-08,83,53,UAE
713818,P9648,Keyboard,14,2024-11-19,68,89,UAE
916788,P5221,Laptop,6,2024-08-04,39,97,USA
109156,P8858,Keyboard,10,2024-01-24,42,67,Kenya
920339,P3980,Headphones,22,2023-10-08,67,99,Canada
979013,P2400,T-Shirt,31,2025-07-12,76,80,Germany
963143,P1839,Headphones,2,2024-12-29,73,51,UAE
332063,P9981,Jacket,45,2025-06-01,31,30,Germany
441085,P4233,Jeans,12,2024-11-24,94,38,France
996650,P7796,Backpack,3,2024-11-14,81,97,UAE
848916,P1823,T-Shirt,7,2025-07-06,91,88,UK
102007,P4749,Laptop,34,2024-06-17,63,67,France
731443,P5476,Headphones,3,2024-09-28,36,38,UK
109509,P1781,Shoes,33,2024-05-26,89,84,Kenya
458172,P2135,Phone Case,16,2023-01-18,14,66,UAE
291761,P2022,Monitor,13,2025-07-21,38,77,USA
744087,P6094,Laptop,49,2024-09-18,49,98,Germany
592988,P9628,Backpack,2,2023-08-04,50,24,Kenya
270778,P9840,Headphones,14,2024-07-10,79,72,Germany
965793,P7447,Shoes,6,2023-05-13,18,65,Kenya
562081,P1107,Laptop,46,2023-10-07,41,10,USA
302938,P5298,Keyboard,33,2025-03-25,83,1,UK
180064,P5530,Jacket,3,2024-08-22,54,88,UAE
628495,P8582,Keyboard,23,2023-10-19,6,68,Kenya
612401,P4910,Backpack,11,2024-05-01,77,33,Germany
923974,P8206,Headphones,12,2023-07-25,94,31,France
513322,P2746,Phone Case,19,2024-04-26,14,35,UK
932687,P3047,Jacket,39,2025-05-07,79,92,Canada
658358,P3582,Headphones,25,2024-01-11,70,26,Germany
713420,P4096,Headphones,46,2025-01-29,45,67,Germany
898891,P7832,Shoes,36,2025-01-14,13,26,France
275736,P1223,Keyboard,22,2023-05-28,64,32,Kenya
600547,P6893,T-Shirt,44,2024-02-21,23,2,Canada
775217,P9153,Jeans,6,2023-05-21,3,46,Kenya
310149,P4487,Laptop,4,2023-03-10,44,38,Germany
742777,P5648,Jeans,8,2024-11-30,21,52,Germany
578700,P1362,Backpack,34,2024-08-27,75,37,Canada
605309,P8704,Headphones,16,2025-01-08,85,15,Canada
918995,P5172,Backpack,11,2024-03-03,39,94,Germany
163958,P8917,Keyboard,48,2025-06-13,27,87,UAE
410001,P8197,Backpack,4,2024-11-07,91,67,UK
541887,P5054,Laptop,14,2024-08-27,43,21,UK
283601,P5584,Shoes,25,2023-09-04,87,85,Canada
555421,P7871,Backpack,13,2023-07-12,90,6,Canada
434748,P8909,Backpack,17,2024-12-14,11,69,UAE
236241,P5384,Jeans,14,2023-09-30,33,86,UAE
955064,P2765,Monitor,13,2024-02-05,29,62,Germany
720341,P1310,Backpack,14,2025-06-15,76,88,France
816303,P1085,T-Shirt,3,2024-12-23,83,99,Kenya
553152,P8475,Shoes,3,2025-03-10,21,60,USA
116019,P9728,Headphones,24,2024-02-19,21,77,UK
891022,P1406,Laptop,12,2023-03-04,89,98,UK
880771,P6859,Headphones,11,2023-12-04,5,8,UAE
671506,P9758,Backpack,35,2024-01-16,36,80,USA
330855,P6982,Shoes,23,2023-10-26,42,30,France
697092,P9519,Shoes,34,2023-12-07,71,84,USA
823954,P6857,Shoes,40,2025-02-24,22,53,Kenya
919858,P5733,Keyboard,21,2023-02-05,98,97,France
307310,P4339,Laptop,13,2025-07-19,7,28,UK
714645,P6150,Keyboard,6,2025-05-31,49,12,Canada
929026,P1958,Keyboard,40,2024-06-18,50,32,UK
636100,P3140,Monitor,8,2023-09-29,32,16,UAE
174714,P1298,T-Shirt,40,2024-06-26,12,52,Canada
322099,P3785,Laptop,29,2023-01-17,78,82,Kenya
987282,P7052,Monitor,41,2025-01-03,97,18,France
786151,P2040,Phone Case,40,2025-03-17,83,91,France
635561,P5824,Jeans,1,2023-02-24,92,44,Canada
488445,P4751,Keyboard,24,2024-03-28,66,74,USA
398182,P8671,T-Shirt,23,2023-09-30,64,93,Kenya
958715,P9860,Jacket,48,2023-11-05,19,7,UK
114737,P6046,Jacket,36,2023-12-18,21,23,Germany
982663,P2704,Phone Case,2,2025-08-10,67,53,UK
918168,P7229,Headphones,16,2024-09-02,41,13,France
459893,P8240,Laptop,13,2023-04-02,19,70,UK
742936,P7887,Phone Case,21,2024-11-26,37,70,UAE
149223,P4046,Backpack,36,2024-10-21,23,40,UK
219271,P7481,Shoes,40,2024-03-22,80,66,USA
495069,P7661,Jeans,38,2023-07-25,50,16,Kenya
743269,P5348,T-Shirt,28,2024-01-27,36,43,Germany
334646,P9527,Laptop,16,2023-12-21,55,24,France
459280,P3622,T-Shirt,27,2023-05-21,20,88,USA
136150,P8368,Headphones,26,2024-02-15,84,3,Germany
289453,P7693,Backpack,26,2024-03-20,19,8,Germany
771688,P6299,Backpack,35,2023-01-30,74,11,Canada
142522,P2500,Backpack,46,2023-10-17,70,84,UAE
141747,P6402,Monitor,18,2023-10-23,35,75,UK
976127,P4871,Keyboard,19,2023-06-21,47,77,France
584148,P4069,Jeans,2,2025-07-17,5,29,Kenya
532675,P2095,Jacket,25,2024-12-16,43,53,Kenya
129549,P4779,Shoes,47,2023-09-27,3,69,USA
745082,P9382,Backpack,5,2024-06-26,21,3,Germany
877115,P6641,Shoes,1,2025-03-22,63,39,UAE
229911,P2931,Monitor,14,2023-07-17,9,46,France
469268,P4767,Laptop,7,2023-11-28,16,56,Canada
787554,P1453,Shoes,42,2024-04-21,55,66,Kenya
722762,P1687,Monitor,10,2025-01-14,73,57,France
109402,P5640,Jacket,5,2024-10-22,22,74,UK
809510,P9001,Jeans,40,2023-06-05,39,37,Germany
370428,P8046,Backpack,14,2023-07-23,24,76,Germany
681679,P4034,Laptop,19,2023-11-20,64,62,France
986716,P8632,Jeans,22,2024-01-17,7,95,France
877891,P2540,Phone Case,7,2023-12-03,27,57,USA
519600,P7891,Keyboard,6,2023-01-02,41,88,USA
460058,P7148,Monitor,48,2025-05-05,99,66,Canada
506952,P7581,Phone Case,6,2023-04-28,38,1,UAE
568548,P8813,Jeans,39,2024-03-27,75,97,USA
325034,P7718,Laptop,12,2025-02-02,43,34,UK
979039,P4527,Backpack,28,2024-05-18,42,41,Kenya
357110,P5544,Phone Case,20,2024-11-26,75,3,UAE
831813,P3425,Jeans,26,2024-06-14,31,34,Kenya
181529,P6646,Backpack,3,2025-02-11,23,32,UK
553160,P8917,Monitor,12,2023-10-08,1,93,USA
717005,P7100,Jacket,21,2024-11-12,3,43,France
744952,P8915,Keyboard,35,2023-06-12,76,14,France
829593,P2850,Headphones,31,2023-10-25,41,70,UK
622324,P2131,Headphones,45,2025-04-14,54,100,Canada
697731,P6113,Headphones,44,2025-04-04,67,7,France
773931,P9128,Laptop,18,2023-06-22,99,31,France
478616,P9322,T-Shirt,49,2024-07-13,71,48,UK
936052,P6208,Jacket,49,2025-06-25,44,45,Germany
697186,P1290,Shoes,9,2023-05-13,81,9,Germany
197856,P8339,Shoes,32,2024-09-11,45,54,France
891646,P7987,T-Shirt,7,2024-09-23,84,8,USA
559037,P2598,Shoes,41,2023-06-19,66,52,UK
981048,P8746,Phone Case,27,2023-04-16,57,27,Germany
958291,P2724,Backpack,34,2024-01-13,68,46,UK
718899,P3183,Shoes,19,2025-05-27,8,63,France
717598,P9561,Headphones,30,2024-08-30,98,36,France
753918,P6715,Monitor,33,2025-07-02,42,81,USA
448269,P9299,Jacket,29,2025-02-01,51,99,France
967549,P7326,Shoes,34,2025-03-04,83,5,UAE
860868,P7769,Monitor,41,2024-03-30,48,96,Canada
489679,P3553,Headphones,7,2024-11-20,87,11,USA
476953,P8658,Keyboard,22,2024-03-15,85,69,UAE
582721,P2527,Phone Case,34,2024-01-05,36,11,USA
484241,P9862,Headphones,2,2025-04-23,43,30,Canada
115474,P4389,Laptop,9,2023-03-30,52,61,Germany
412550,P9977,Jeans,15,2024-03-05,12,57,Germany
331278,P5880,Backpack,20,2023-02-14,93,83,Germany
882554,P4164,Phone Case,41,2025-04-26,26,90,USA
951664,P3260,T-Shirt,7,2023-05-18,78,27,Canada
416125,P1352,Keyboard,22,2025-06-16,96,90,France
714021,P7909,Jacket,17,2023-04-14,7,16,USA
474415,P1001,Headphones,34,2023-10-25,13,10,Germany
748475,P2650,Jeans,38,2024-12-18,59,54,Germany
958781,P2086,Jeans,35,2025-07-21,37,49,Kenya
133415,P3746,Monitor,48,2025-07-06,27,85,UK
859451,P7528,Backpack,47,2023-09-08,31,38,Germany
738719,P3511,Backpack,43,2024-07-26,34,93,Kenya
962288,P5472,Jacket,20,2023-05-17,22,83,France
792534,P3176,Backpack,33,2023-12-13,63,99,Germany
913761,P9894,Keyboard,16,2023-12-25,98,84,USA
252882,P4264,Headphones,21,2024-01-29,99,99,USA
790192,P6680,Headphones,33,2024-10-09,71,43,Germany
850688,P7355,Laptop,15,2025-02-06,44,49,France
932806,P2125,Phone Case,29,2024-02-09,97,18,UAE
589451,P5219,Headphones,14,2023-09-10,85,34,Canada
195173,P1628,Laptop,29,2024-04-09,77,9,France
486881,P5159,T-Shirt,2,2023-09-29,15,65,Kenya
576376,P9512,Laptop,38,2025-03-11,4,65,Kenya
728457,P2689,Shoes,40,2025-01-04,72,59,Germany
952364,P7353,Phone Case,1,2023-02-28,17,69,USA
960725,P4527,Monitor,39,2024-12-03,22,58,UAE
148300,P2041,Headphones,29,2023-06-24,54,92,Germany
505574,P9882,T-Shirt,8,2024-05-18,47,2,Canada
125378,P7844,Backpack,33,2023-11-11,24,57,Kenya
457127,P6029,Laptop,27,2025-03-17,87,68,USA
584939,P3680,Jeans,49,2023-05-06,13,34,UAE
485906,P2502,Jacket,45,2024-01-17,30,84,Germany
403235,P3517,Jeans,40,2024-07-16,2,54,UAE
964968,P1360,Phone Case,28,2025-03-14,84,66,Kenya
598390,P4335,Jacket,10,2024-02-27,53,45,France
251751,P6560,Monitor,8,2023-09-17,30,18,UAE
208248,P4640,Jeans,41,2023-09-27,65,35,France
671915,P4419,Laptop,19,2023-01-07,81,54,France
560015,P3071,Shoes,12,2023-06-04,41,52,Germany
969856,P5567,Shoes,30,2023-05-26,50,97,Kenya
984743,P7871,Keyboard,10,2024-12-30,94,19,Kenya
600618,P8581,Shoes,41,2025-02-03,59,55,UK
964550,P5966,Backpack,45,2024-01-14,65,38,France
323000,P4624,Keyboard,25,2025-01-02,62,16,Kenya
635861,P2203,Jeans,6,2023-03-05,58,25,Germany
158695,P7868,Shoes,13,2025-02-26,80,4,UK
915255,P4695,Headphones,10,2023-11-01,87,52,UAE
979643,P1230,Headphones,33,2025-03-13,71,14,France
385249,P3605,Shoes,43,2023-02-17,46,92,France
791780,P2277,Headphones,38,2024-05-13,3,57,UK
